{"loss": [0.00010756765550468117, 1.4993471268098801e-05, 7.550946065748576e-06, 4.628123861039057e-06, 3.1472081900574267e-06, 2.2500437353301095e-06, 1.7241148952962249e-06, 1.3534363461076282e-06, 1.1043039194191806e-06, 9.221174082085781e-07, 7.735444000900316e-07, 6.69901112360094e-07, 6.042103564141144e-07, 5.060290391156741e-07, 4.6989987367851427e-07, 4.2282925960535067e-07, 3.8105164890112064e-07, 3.6171053352518356e-07, 3.3331275517411996e-07, 3.207090344403696e-07, 2.9149805413908325e-07, 2.621215742237837e-07, 2.624828141506441e-07, 2.4594245928710734e-07, 2.4259568931483955e-07, 2.2056137538584153e-07, 2.1943917261069146e-07, 2.1517995207886997e-07, 2.024212335527409e-07, 1.980611443741509e-07, 1.8223975928322034e-07, 2.0837801173456683e-07, 1.6134808333845285e-07, 1.6988198581202596e-07, 1.6932446555983915e-07, 1.587990112739135e-07, 1.6475242148317193e-07, 1.535792790718915e-07, 1.7536582674892998e-07, 1.4467721598521166e-07, 1.565422138583017e-07, 1.2691539552633913e-07, 1.3897835060561192e-07, 1.4689813099266757e-07, 1.4166786854730162e-07, 1.1885487793961147e-07, 1.3661929187946953e-07, 1.2569276464091672e-07, 1.2723361919597664e-07, 1.2113383718315163e-07], "R2": [0.9956966638565063, 0.9992898106575012, 0.9996311664581299, 0.9997729659080505, 0.999844491481781, 0.999885618686676, 0.9999123215675354, 0.9999302625656128, 0.9999418258666992, 0.9999523162841797, 0.9999589323997498, 0.9999643564224243, 0.9999692440032959, 0.9999755024909973, 0.9999771118164062, 0.9999802708625793, 0.9999833106994629, 0.999983549118042, 0.9999863505363464, 0.9999866485595703, 0.9999884366989136, 0.9999901056289673, 0.9999905228614807, 0.9999909400939941, 0.9999905824661255, 0.9999923706054688, 0.9999927878379822, 0.999992847442627, 0.9999938607215881, 0.9999939799308777, 0.9999945759773254, 0.9999938011169434, 0.9999964237213135, 0.9999948143959045, 0.9999948143959045, 0.9999954700469971, 0.9999956488609314, 0.9999958872795105, 0.9999952912330627, 0.9999962449073792, 0.9999955296516418, 0.9999972581863403, 0.9999966621398926, 0.9999967217445374, 0.9999969005584717, 0.9999974966049194, 0.9999961256980896, 0.9999972581863403, 0.9999969005584717, 0.9999977946281433], "MAE": [0.002470351057127118, 0.001470142393372953, 0.0011283165076747537, 0.0009240866056643426, 0.0007882865029387176, 0.000700130476616323, 0.0006350903422571719, 0.0005764604429714382, 0.0005330527201294899, 0.0004974086186848581, 0.00046887926873750985, 0.00044022922520525753, 0.0004206951125524938, 0.00039121470763348043, 0.00038376019801944494, 0.0003659368958324194, 0.00035182395367883146, 0.0003457029815763235, 0.0003337257949169725, 0.0003273135516792536, 0.0003142544883303344, 0.00030226042144931853, 0.00030137924477458, 0.00029568749596364796, 0.0002915197401307523, 0.00028060300974175334, 0.0002797686611302197, 0.00027699233032763004, 0.00026698195142671466, 0.0002673555281944573, 0.0002599785220809281, 0.0002725176454987377, 0.00024661474162712693, 0.0002514343068469316, 0.00024881723220460117, 0.00024369043239858001, 0.0002480634138919413, 0.00024193822173401713, 0.0002465902070980519, 0.0002327403926756233, 0.00023834695457480848, 0.0002219150774180889, 0.0002318059268873185, 0.00023288132797461003, 0.00023113589850254357, 0.00021485603065229952, 0.0002287549286847934, 0.00022045316291041672, 0.0002194966800743714, 0.00021802810078952461], "MSE": [0.00010756775009213015, 1.4993472177593503e-05, 7.550950613222085e-06, 4.628126134775812e-06, 3.147210463794181e-06, 2.2500437353301095e-06, 1.7241140994883608e-06, 1.353435209239251e-06, 1.1043042604796938e-06, 9.22117465051997e-07, 7.735448548373824e-07, 6.699014534206071e-07, 6.042104132575332e-07, 5.060289254288364e-07, 4.698999021002237e-07, 4.2282923118364124e-07, 3.810516204794112e-07, 3.61710561946893e-07, 3.3331284043924825e-07, 3.207092333923356e-07, 2.9149816782592097e-07, 2.62121858440878e-07, 2.6248284257235355e-07, 2.459424308653979e-07, 2.4259568931483955e-07, 2.2056102011447365e-07, 2.1943938577351219e-07, 2.1518000892228883e-07, 2.0242110565504845e-07, 1.9806120121756976e-07, 1.8223988718091277e-07, 2.0837775593918195e-07, 1.6134815439272643e-07, 1.6988205686629954e-07, 1.69324323451292e-07, 1.5879895443049463e-07, 1.6475254938086437e-07, 1.535792790718915e-07, 1.7536571306209225e-07, 1.4467728703948524e-07, 1.565422138583017e-07, 1.2691532447206555e-07, 1.3897836481646664e-07, 1.4689817362523172e-07, 1.4166779749302805e-07, 1.1885473583106432e-07, 1.3661919240348652e-07, 1.2569279306262615e-07, 1.2723378972623323e-07, 1.2113379455058748e-07], "MAPE": [0.3334350287914276, 0.2718360424041748, 0.19056783616542816, 0.17404644191265106, 0.15378865599632263, 0.1347898542881012, 0.13820751011371613, 0.14931750297546387, 0.10563146322965622, 0.10514633357524872, 0.108214370906353, 0.11284024268388748, 0.09747963398694992, 0.11036718636751175, 0.09848005324602127, 0.09358220547437668, 0.09844076633453369, 0.07389811426401138, 0.06871305406093597, 0.07345933467149734, 0.07343574613332748, 0.07400813698768616, 0.062211304903030396, 0.06954620033502579, 0.08112462610006332, 0.060144729912281036, 0.06488294154405594, 0.053751032799482346, 0.06756818294525146, 0.058212704956531525, 0.050966981798410416, 0.06465411186218262, 0.05065559595823288, 0.05447819083929062, 0.06330689042806625, 0.05450553074479103, 0.05857182666659355, 0.054504238069057465, 0.05737873911857605, 0.05008277669548988, 0.05335942283272743, 0.054886870086193085, 0.0575546957552433, 0.0642646923661232, 0.06010129302740097, 0.05570308491587639, 0.058802757412195206, 0.05197594314813614, 0.053288910537958145, 0.06767969578504562]}